trial,token_set,accepted,cert_trigger,witness_size,equal_updates
0,"t_h0,t_h1",1,sup_h0,1,1
1,t_h1,1,sup_h1,1,1
2,"t_h0,t_h1",1,sup_h0,1,1
3,"t_h0,t_h1",1,sup_h0,1,1
4,t_h1,1,sup_h1,1,1
5,"t_h0,t_h1",1,sup_h0,1,1
6,t_h0,1,sup_h0,1,1
7,EMPTY,0,bot,0,1
8,EMPTY,0,bot,0,1
9,EMPTY,0,bot,0,1
10,t_h1,1,sup_h1,1,1
11,t_h0,1,sup_h0,1,1
12,t_h1,1,sup_h1,1,1
13,"t_h0,t_h1",1,sup_h0,1,1
14,EMPTY,0,bot,0,1
15,"t_h0,t_h1",1,sup_h0,1,1
16,EMPTY,0,bot,0,1
17,EMPTY,0,bot,0,1
18,EMPTY,0,bot,0,1
19,t_h1,1,sup_h1,1,1
20,EMPTY,0,bot,0,1
21,t_h1,1,sup_h1,1,1
22,EMPTY,0,bot,0,1
23,t_h1,1,sup_h1,1,1
24,"t_h0,t_h1",1,sup_h0,1,1
25,t_h0,1,sup_h0,1,1
26,t_h1,1,sup_h1,1,1
27,t_h0,1,sup_h0,1,1
28,t_h0,1,sup_h0,1,1
29,EMPTY,0,bot,0,1
30,t_h1,1,sup_h1,1,1
31,EMPTY,0,bot,0,1
32,"t_h0,t_h1",1,sup_h0,1,1
33,EMPTY,0,bot,0,1
34,EMPTY,0,bot,0,1
35,EMPTY,0,bot,0,1
36,EMPTY,0,bot,0,1
37,"t_h0,t_h1",1,sup_h0,1,1
38,t_h1,1,sup_h1,1,1
39,EMPTY,0,bot,0,1
40,EMPTY,0,bot,0,1
41,t_h0,1,sup_h0,1,1
42,EMPTY,0,bot,0,1
43,"t_h0,t_h1",1,sup_h0,1,1
44,t_h0,1,sup_h0,1,1
45,"t_h0,t_h1",1,sup_h0,1,1
46,t_h0,1,sup_h0,1,1
47,"t_h0,t_h1",1,sup_h0,1,1
48,EMPTY,0,bot,0,1
49,"t_h0,t_h1",1,sup_h0,1,1
50,"t_h0,t_h1",1,sup_h0,1,1
51,t_h1,1,sup_h1,1,1
52,EMPTY,0,bot,0,1
53,"t_h0,t_h1",1,sup_h0,1,1
54,t_h0,1,sup_h0,1,1
55,"t_h0,t_h1",1,sup_h0,1,1
56,t_h0,1,sup_h0,1,1
57,"t_h0,t_h1",1,sup_h0,1,1
58,EMPTY,0,bot,0,1
59,"t_h0,t_h1",1,sup_h0,1,1
60,t_h0,1,sup_h0,1,1
61,"t_h0,t_h1",1,sup_h0,1,1
62,EMPTY,0,bot,0,1
63,"t_h0,t_h1",1,sup_h0,1,1
64,t_h1,1,sup_h1,1,1
65,t_h1,1,sup_h1,1,1
66,EMPTY,0,bot,0,1
67,t_h1,1,sup_h1,1,1
68,t_h1,1,sup_h1,1,1
69,t_h0,1,sup_h0,1,1
70,"t_h0,t_h1",1,sup_h0,1,1
71,t_h0,1,sup_h0,1,1
72,t_h0,1,sup_h0,1,1
73,t_h0,1,sup_h0,1,1
74,EMPTY,0,bot,0,1
75,EMPTY,0,bot,0,1
76,t_h0,1,sup_h0,1,1
77,EMPTY,0,bot,0,1
78,"t_h0,t_h1",1,sup_h0,1,1
79,EMPTY,0,bot,0,1
80,t_h1,1,sup_h1,1,1
81,t_h0,1,sup_h0,1,1
82,"t_h0,t_h1",1,sup_h0,1,1
83,t_h0,1,sup_h0,1,1
84,t_h1,1,sup_h1,1,1
85,t_h1,1,sup_h1,1,1
86,EMPTY,0,bot,0,1
87,EMPTY,0,bot,0,1
88,t_h0,1,sup_h0,1,1
89,"t_h0,t_h1",1,sup_h0,1,1
90,EMPTY,0,bot,0,1
91,"t_h0,t_h1",1,sup_h0,1,1
92,EMPTY,0,bot,0,1
93,EMPTY,0,bot,0,1
94,t_h1,1,sup_h1,1,1
95,t_h0,1,sup_h0,1,1
96,EMPTY,0,bot,0,1
97,"t_h0,t_h1",1,sup_h0,1,1
98,t_h1,1,sup_h1,1,1
99,t_h1,1,sup_h1,1,1
100,"t_h0,t_h1",1,sup_h0,1,1
101,t_h1,1,sup_h1,1,1
102,EMPTY,0,bot,0,1
103,t_h0,1,sup_h0,1,1
104,EMPTY,0,bot,0,1
105,t_h0,1,sup_h0,1,1
106,t_h0,1,sup_h0,1,1
107,t_h1,1,sup_h1,1,1
108,EMPTY,0,bot,0,1
109,EMPTY,0,bot,0,1
110,t_h1,1,sup_h1,1,1
111,t_h1,1,sup_h1,1,1
112,EMPTY,0,bot,0,1
113,"t_h0,t_h1",1,sup_h0,1,1
114,t_h1,1,sup_h1,1,1
115,"t_h0,t_h1",1,sup_h0,1,1
116,EMPTY,0,bot,0,1
117,t_h1,1,sup_h1,1,1
118,"t_h0,t_h1",1,sup_h0,1,1
119,EMPTY,0,bot,0,1
120,t_h0,1,sup_h0,1,1
121,t_h1,1,sup_h1,1,1
122,EMPTY,0,bot,0,1
123,t_h0,1,sup_h0,1,1
124,t_h0,1,sup_h0,1,1
125,t_h0,1,sup_h0,1,1
126,"t_h0,t_h1",1,sup_h0,1,1
127,t_h1,1,sup_h1,1,1
128,t_h0,1,sup_h0,1,1
129,"t_h0,t_h1",1,sup_h0,1,1
130,t_h1,1,sup_h1,1,1
131,"t_h0,t_h1",1,sup_h0,1,1
132,t_h0,1,sup_h0,1,1
133,t_h0,1,sup_h0,1,1
134,t_h1,1,sup_h1,1,1
135,t_h1,1,sup_h1,1,1
136,EMPTY,0,bot,0,1
137,EMPTY,0,bot,0,1
138,t_h1,1,sup_h1,1,1
139,t_h0,1,sup_h0,1,1
140,t_h0,1,sup_h0,1,1
141,t_h0,1,sup_h0,1,1
142,t_h1,1,sup_h1,1,1
143,EMPTY,0,bot,0,1
144,EMPTY,0,bot,0,1
145,"t_h0,t_h1",1,sup_h0,1,1
146,EMPTY,0,bot,0,1
147,t_h0,1,sup_h0,1,1
148,t_h1,1,sup_h1,1,1
149,EMPTY,0,bot,0,1
150,EMPTY,0,bot,0,1
151,EMPTY,0,bot,0,1
152,t_h1,1,sup_h1,1,1
153,t_h1,1,sup_h1,1,1
154,t_h1,1,sup_h1,1,1
155,EMPTY,0,bot,0,1
156,"t_h0,t_h1",1,sup_h0,1,1
157,"t_h0,t_h1",1,sup_h0,1,1
158,"t_h0,t_h1",1,sup_h0,1,1
159,"t_h0,t_h1",1,sup_h0,1,1
160,t_h1,1,sup_h1,1,1
161,t_h1,1,sup_h1,1,1
162,t_h0,1,sup_h0,1,1
163,t_h0,1,sup_h0,1,1
164,t_h1,1,sup_h1,1,1
165,t_h1,1,sup_h1,1,1
166,t_h1,1,sup_h1,1,1
167,EMPTY,0,bot,0,1
168,t_h0,1,sup_h0,1,1
169,"t_h0,t_h1",1,sup_h0,1,1
170,t_h1,1,sup_h1,1,1
171,EMPTY,0,bot,0,1
172,EMPTY,0,bot,0,1
173,EMPTY,0,bot,0,1
174,"t_h0,t_h1",1,sup_h0,1,1
175,t_h0,1,sup_h0,1,1
176,t_h1,1,sup_h1,1,1
177,EMPTY,0,bot,0,1
178,EMPTY,0,bot,0,1
179,t_h1,1,sup_h1,1,1
180,EMPTY,0,bot,0,1
181,EMPTY,0,bot,0,1
182,t_h0,1,sup_h0,1,1
183,t_h0,1,sup_h0,1,1
184,t_h0,1,sup_h0,1,1
185,t_h0,1,sup_h0,1,1
186,EMPTY,0,bot,0,1
187,EMPTY,0,bot,0,1
188,"t_h0,t_h1",1,sup_h0,1,1
189,EMPTY,0,bot,0,1
190,"t_h0,t_h1",1,sup_h0,1,1
191,EMPTY,0,bot,0,1
192,t_h0,1,sup_h0,1,1
193,t_h0,1,sup_h0,1,1
194,EMPTY,0,bot,0,1
195,t_h0,1,sup_h0,1,1
196,"t_h0,t_h1",1,sup_h0,1,1
197,"t_h0,t_h1",1,sup_h0,1,1
198,t_h1,1,sup_h1,1,1
199,t_h0,1,sup_h0,1,1
200,t_h0,1,sup_h0,1,1
201,t_h0,1,sup_h0,1,1
202,"t_h0,t_h1",1,sup_h0,1,1
203,t_h0,1,sup_h0,1,1
204,t_h1,1,sup_h1,1,1
205,t_h1,1,sup_h1,1,1
206,t_h1,1,sup_h1,1,1
207,"t_h0,t_h1",1,sup_h0,1,1
208,t_h0,1,sup_h0,1,1
209,t_h1,1,sup_h1,1,1
210,"t_h0,t_h1",1,sup_h0,1,1
211,t_h0,1,sup_h0,1,1
212,EMPTY,0,bot,0,1
213,t_h0,1,sup_h0,1,1
214,t_h1,1,sup_h1,1,1
215,"t_h0,t_h1",1,sup_h0,1,1
216,EMPTY,0,bot,0,1
217,t_h1,1,sup_h1,1,1
218,t_h0,1,sup_h0,1,1
219,t_h0,1,sup_h0,1,1
220,t_h0,1,sup_h0,1,1
221,t_h1,1,sup_h1,1,1
222,EMPTY,0,bot,0,1
223,"t_h0,t_h1",1,sup_h0,1,1
224,EMPTY,0,bot,0,1
225,EMPTY,0,bot,0,1
226,"t_h0,t_h1",1,sup_h0,1,1
227,"t_h0,t_h1",1,sup_h0,1,1
228,t_h0,1,sup_h0,1,1
229,EMPTY,0,bot,0,1
230,"t_h0,t_h1",1,sup_h0,1,1
231,t_h0,1,sup_h0,1,1
232,EMPTY,0,bot,0,1
233,EMPTY,0,bot,0,1
234,EMPTY,0,bot,0,1
235,t_h0,1,sup_h0,1,1
236,"t_h0,t_h1",1,sup_h0,1,1
237,EMPTY,0,bot,0,1
238,"t_h0,t_h1",1,sup_h0,1,1
239,t_h1,1,sup_h1,1,1
240,t_h0,1,sup_h0,1,1
241,t_h1,1,sup_h1,1,1
242,t_h1,1,sup_h1,1,1
243,"t_h0,t_h1",1,sup_h0,1,1
244,t_h0,1,sup_h0,1,1
245,t_h1,1,sup_h1,1,1
246,t_h1,1,sup_h1,1,1
247,"t_h0,t_h1",1,sup_h0,1,1
248,EMPTY,0,bot,0,1
249,t_h0,1,sup_h0,1,1
250,EMPTY,0,bot,0,1
251,t_h1,1,sup_h1,1,1
252,t_h0,1,sup_h0,1,1
253,t_h1,1,sup_h1,1,1
254,t_h0,1,sup_h0,1,1
255,t_h0,1,sup_h0,1,1
256,t_h0,1,sup_h0,1,1
257,t_h0,1,sup_h0,1,1
258,t_h0,1,sup_h0,1,1
259,t_h0,1,sup_h0,1,1
260,t_h1,1,sup_h1,1,1
261,"t_h0,t_h1",1,sup_h0,1,1
262,t_h1,1,sup_h1,1,1
263,"t_h0,t_h1",1,sup_h0,1,1
264,t_h0,1,sup_h0,1,1
265,"t_h0,t_h1",1,sup_h0,1,1
266,"t_h0,t_h1",1,sup_h0,1,1
267,t_h0,1,sup_h0,1,1
268,t_h0,1,sup_h0,1,1
269,EMPTY,0,bot,0,1
270,"t_h0,t_h1",1,sup_h0,1,1
271,EMPTY,0,bot,0,1
272,t_h1,1,sup_h1,1,1
273,t_h0,1,sup_h0,1,1
274,t_h1,1,sup_h1,1,1
275,t_h1,1,sup_h1,1,1
276,"t_h0,t_h1",1,sup_h0,1,1
277,t_h1,1,sup_h1,1,1
278,EMPTY,0,bot,0,1
279,t_h0,1,sup_h0,1,1
280,t_h1,1,sup_h1,1,1
281,EMPTY,0,bot,0,1
282,EMPTY,0,bot,0,1
283,EMPTY,0,bot,0,1
284,EMPTY,0,bot,0,1
285,t_h0,1,sup_h0,1,1
286,EMPTY,0,bot,0,1
287,EMPTY,0,bot,0,1
288,t_h0,1,sup_h0,1,1
289,t_h0,1,sup_h0,1,1
290,t_h0,1,sup_h0,1,1
291,"t_h0,t_h1",1,sup_h0,1,1
292,t_h1,1,sup_h1,1,1
293,t_h1,1,sup_h1,1,1
294,EMPTY,0,bot,0,1
295,t_h0,1,sup_h0,1,1
296,"t_h0,t_h1",1,sup_h0,1,1
297,t_h1,1,sup_h1,1,1
298,"t_h0,t_h1",1,sup_h0,1,1
299,t_h1,1,sup_h1,1,1
300,t_h0,1,sup_h0,1,1
301,t_h1,1,sup_h1,1,1
302,"t_h0,t_h1",1,sup_h0,1,1
303,"t_h0,t_h1",1,sup_h0,1,1
304,EMPTY,0,bot,0,1
305,t_h0,1,sup_h0,1,1
306,"t_h0,t_h1",1,sup_h0,1,1
307,EMPTY,0,bot,0,1
308,"t_h0,t_h1",1,sup_h0,1,1
309,t_h1,1,sup_h1,1,1
310,"t_h0,t_h1",1,sup_h0,1,1
311,t_h1,1,sup_h1,1,1
312,EMPTY,0,bot,0,1
313,t_h0,1,sup_h0,1,1
314,t_h1,1,sup_h1,1,1
315,EMPTY,0,bot,0,1
316,t_h1,1,sup_h1,1,1
317,EMPTY,0,bot,0,1
318,"t_h0,t_h1",1,sup_h0,1,1
319,"t_h0,t_h1",1,sup_h0,1,1
320,t_h1,1,sup_h1,1,1
321,t_h0,1,sup_h0,1,1
322,t_h1,1,sup_h1,1,1
323,t_h0,1,sup_h0,1,1
324,t_h1,1,sup_h1,1,1
325,t_h0,1,sup_h0,1,1
326,EMPTY,0,bot,0,1
327,"t_h0,t_h1",1,sup_h0,1,1
328,t_h1,1,sup_h1,1,1
329,EMPTY,0,bot,0,1
330,t_h0,1,sup_h0,1,1
331,t_h1,1,sup_h1,1,1
332,"t_h0,t_h1",1,sup_h0,1,1
333,EMPTY,0,bot,0,1
334,t_h0,1,sup_h0,1,1
335,t_h1,1,sup_h1,1,1
336,EMPTY,0,bot,0,1
337,t_h0,1,sup_h0,1,1
338,EMPTY,0,bot,0,1
339,EMPTY,0,bot,0,1
340,"t_h0,t_h1",1,sup_h0,1,1
341,t_h1,1,sup_h1,1,1
342,t_h1,1,sup_h1,1,1
343,EMPTY,0,bot,0,1
344,t_h0,1,sup_h0,1,1
345,t_h0,1,sup_h0,1,1
346,EMPTY,0,bot,0,1
347,EMPTY,0,bot,0,1
348,EMPTY,0,bot,0,1
349,EMPTY,0,bot,0,1
350,EMPTY,0,bot,0,1
351,EMPTY,0,bot,0,1
352,t_h0,1,sup_h0,1,1
353,EMPTY,0,bot,0,1
354,"t_h0,t_h1",1,sup_h0,1,1
355,EMPTY,0,bot,0,1
356,t_h0,1,sup_h0,1,1
357,t_h0,1,sup_h0,1,1
358,EMPTY,0,bot,0,1
359,EMPTY,0,bot,0,1
360,EMPTY,0,bot,0,1
361,t_h0,1,sup_h0,1,1
362,"t_h0,t_h1",1,sup_h0,1,1
363,t_h1,1,sup_h1,1,1
364,t_h1,1,sup_h1,1,1
365,"t_h0,t_h1",1,sup_h0,1,1
366,t_h1,1,sup_h1,1,1
367,t_h0,1,sup_h0,1,1
368,"t_h0,t_h1",1,sup_h0,1,1
369,EMPTY,0,bot,0,1
370,t_h1,1,sup_h1,1,1
371,EMPTY,0,bot,0,1
372,"t_h0,t_h1",1,sup_h0,1,1
373,"t_h0,t_h1",1,sup_h0,1,1
374,t_h1,1,sup_h1,1,1
375,t_h0,1,sup_h0,1,1
376,"t_h0,t_h1",1,sup_h0,1,1
377,t_h1,1,sup_h1,1,1
378,"t_h0,t_h1",1,sup_h0,1,1
379,t_h0,1,sup_h0,1,1
380,t_h1,1,sup_h1,1,1
381,"t_h0,t_h1",1,sup_h0,1,1
382,EMPTY,0,bot,0,1
383,"t_h0,t_h1",1,sup_h0,1,1
384,t_h0,1,sup_h0,1,1
385,t_h0,1,sup_h0,1,1
386,"t_h0,t_h1",1,sup_h0,1,1
387,t_h0,1,sup_h0,1,1
388,EMPTY,0,bot,0,1
389,t_h0,1,sup_h0,1,1
390,"t_h0,t_h1",1,sup_h0,1,1
391,EMPTY,0,bot,0,1
392,"t_h0,t_h1",1,sup_h0,1,1
393,t_h1,1,sup_h1,1,1
394,EMPTY,0,bot,0,1
395,t_h1,1,sup_h1,1,1
396,"t_h0,t_h1",1,sup_h0,1,1
397,EMPTY,0,bot,0,1
398,t_h0,1,sup_h0,1,1
399,t_h0,1,sup_h0,1,1
400,"t_h0,t_h1",1,sup_h0,1,1
401,EMPTY,0,bot,0,1
402,"t_h0,t_h1",1,sup_h0,1,1
403,t_h0,1,sup_h0,1,1
404,t_h0,1,sup_h0,1,1
405,EMPTY,0,bot,0,1
406,t_h1,1,sup_h1,1,1
407,"t_h0,t_h1",1,sup_h0,1,1
408,EMPTY,0,bot,0,1
409,EMPTY,0,bot,0,1
410,EMPTY,0,bot,0,1
411,"t_h0,t_h1",1,sup_h0,1,1
412,t_h0,1,sup_h0,1,1
413,"t_h0,t_h1",1,sup_h0,1,1
414,t_h1,1,sup_h1,1,1
415,t_h0,1,sup_h0,1,1
416,"t_h0,t_h1",1,sup_h0,1,1
417,t_h1,1,sup_h1,1,1
418,t_h0,1,sup_h0,1,1
419,t_h0,1,sup_h0,1,1
420,"t_h0,t_h1",1,sup_h0,1,1
421,t_h1,1,sup_h1,1,1
422,"t_h0,t_h1",1,sup_h0,1,1
423,"t_h0,t_h1",1,sup_h0,1,1
424,t_h0,1,sup_h0,1,1
425,"t_h0,t_h1",1,sup_h0,1,1
426,"t_h0,t_h1",1,sup_h0,1,1
427,t_h1,1,sup_h1,1,1
428,t_h1,1,sup_h1,1,1
429,EMPTY,0,bot,0,1
430,EMPTY,0,bot,0,1
431,t_h0,1,sup_h0,1,1
432,"t_h0,t_h1",1,sup_h0,1,1
433,EMPTY,0,bot,0,1
434,t_h0,1,sup_h0,1,1
435,EMPTY,0,bot,0,1
436,t_h1,1,sup_h1,1,1
437,t_h0,1,sup_h0,1,1
438,"t_h0,t_h1",1,sup_h0,1,1
439,t_h1,1,sup_h1,1,1
440,EMPTY,0,bot,0,1
441,t_h1,1,sup_h1,1,1
442,t_h1,1,sup_h1,1,1
443,t_h1,1,sup_h1,1,1
444,t_h1,1,sup_h1,1,1
445,"t_h0,t_h1",1,sup_h0,1,1
446,t_h1,1,sup_h1,1,1
447,t_h0,1,sup_h0,1,1
448,t_h1,1,sup_h1,1,1
449,t_h0,1,sup_h0,1,1
450,EMPTY,0,bot,0,1
451,"t_h0,t_h1",1,sup_h0,1,1
452,EMPTY,0,bot,0,1
453,"t_h0,t_h1",1,sup_h0,1,1
454,t_h0,1,sup_h0,1,1
455,t_h1,1,sup_h1,1,1
456,t_h1,1,sup_h1,1,1
457,"t_h0,t_h1",1,sup_h0,1,1
458,"t_h0,t_h1",1,sup_h0,1,1
459,EMPTY,0,bot,0,1
460,EMPTY,0,bot,0,1
461,EMPTY,0,bot,0,1
462,t_h1,1,sup_h1,1,1
463,t_h1,1,sup_h1,1,1
464,"t_h0,t_h1",1,sup_h0,1,1
465,t_h0,1,sup_h0,1,1
466,t_h0,1,sup_h0,1,1
467,t_h0,1,sup_h0,1,1
468,t_h0,1,sup_h0,1,1
469,"t_h0,t_h1",1,sup_h0,1,1
470,"t_h0,t_h1",1,sup_h0,1,1
471,"t_h0,t_h1",1,sup_h0,1,1
472,t_h0,1,sup_h0,1,1
473,t_h0,1,sup_h0,1,1
474,t_h0,1,sup_h0,1,1
475,EMPTY,0,bot,0,1
476,t_h1,1,sup_h1,1,1
477,EMPTY,0,bot,0,1
478,t_h1,1,sup_h1,1,1
479,t_h0,1,sup_h0,1,1
480,"t_h0,t_h1",1,sup_h0,1,1
481,t_h1,1,sup_h1,1,1
482,t_h0,1,sup_h0,1,1
483,"t_h0,t_h1",1,sup_h0,1,1
484,"t_h0,t_h1",1,sup_h0,1,1
485,t_h0,1,sup_h0,1,1
486,"t_h0,t_h1",1,sup_h0,1,1
487,t_h1,1,sup_h1,1,1
488,t_h1,1,sup_h1,1,1
489,t_h1,1,sup_h1,1,1
490,EMPTY,0,bot,0,1
491,"t_h0,t_h1",1,sup_h0,1,1
492,EMPTY,0,bot,0,1
493,EMPTY,0,bot,0,1
494,t_h1,1,sup_h1,1,1
495,t_h1,1,sup_h1,1,1
496,t_h1,1,sup_h1,1,1
497,t_h0,1,sup_h0,1,1
498,"t_h0,t_h1",1,sup_h0,1,1
499,EMPTY,0,bot,0,1
500,EMPTY,0,bot,0,1
501,EMPTY,0,bot,0,1
502,EMPTY,0,bot,0,1
503,"t_h0,t_h1",1,sup_h0,1,1
504,"t_h0,t_h1",1,sup_h0,1,1
505,t_h1,1,sup_h1,1,1
506,EMPTY,0,bot,0,1
507,EMPTY,0,bot,0,1
508,EMPTY,0,bot,0,1
509,"t_h0,t_h1",1,sup_h0,1,1
510,t_h1,1,sup_h1,1,1
511,"t_h0,t_h1",1,sup_h0,1,1
512,EMPTY,0,bot,0,1
513,EMPTY,0,bot,0,1
514,t_h0,1,sup_h0,1,1
515,t_h0,1,sup_h0,1,1
516,t_h1,1,sup_h1,1,1
517,"t_h0,t_h1",1,sup_h0,1,1
518,EMPTY,0,bot,0,1
519,EMPTY,0,bot,0,1
520,EMPTY,0,bot,0,1
521,"t_h0,t_h1",1,sup_h0,1,1
522,t_h0,1,sup_h0,1,1
523,"t_h0,t_h1",1,sup_h0,1,1
524,t_h1,1,sup_h1,1,1
525,t_h1,1,sup_h1,1,1
526,t_h1,1,sup_h1,1,1
527,t_h1,1,sup_h1,1,1
528,t_h1,1,sup_h1,1,1
529,t_h1,1,sup_h1,1,1
530,t_h1,1,sup_h1,1,1
531,EMPTY,0,bot,0,1
532,t_h1,1,sup_h1,1,1
533,t_h0,1,sup_h0,1,1
534,t_h0,1,sup_h0,1,1
535,"t_h0,t_h1",1,sup_h0,1,1
536,EMPTY,0,bot,0,1
537,t_h0,1,sup_h0,1,1
538,t_h1,1,sup_h1,1,1
539,t_h0,1,sup_h0,1,1
540,EMPTY,0,bot,0,1
541,"t_h0,t_h1",1,sup_h0,1,1
542,"t_h0,t_h1",1,sup_h0,1,1
543,"t_h0,t_h1",1,sup_h0,1,1
544,"t_h0,t_h1",1,sup_h0,1,1
545,t_h1,1,sup_h1,1,1
546,t_h1,1,sup_h1,1,1
547,t_h0,1,sup_h0,1,1
548,EMPTY,0,bot,0,1
549,t_h1,1,sup_h1,1,1
550,EMPTY,0,bot,0,1
551,EMPTY,0,bot,0,1
552,"t_h0,t_h1",1,sup_h0,1,1
553,t_h1,1,sup_h1,1,1
554,"t_h0,t_h1",1,sup_h0,1,1
555,"t_h0,t_h1",1,sup_h0,1,1
556,t_h1,1,sup_h1,1,1
557,"t_h0,t_h1",1,sup_h0,1,1
558,"t_h0,t_h1",1,sup_h0,1,1
559,EMPTY,0,bot,0,1
560,EMPTY,0,bot,0,1
561,t_h1,1,sup_h1,1,1
562,EMPTY,0,bot,0,1
563,EMPTY,0,bot,0,1
564,"t_h0,t_h1",1,sup_h0,1,1
565,"t_h0,t_h1",1,sup_h0,1,1
566,t_h1,1,sup_h1,1,1
567,"t_h0,t_h1",1,sup_h0,1,1
568,t_h0,1,sup_h0,1,1
569,"t_h0,t_h1",1,sup_h0,1,1
570,"t_h0,t_h1",1,sup_h0,1,1
571,"t_h0,t_h1",1,sup_h0,1,1
572,t_h0,1,sup_h0,1,1
573,"t_h0,t_h1",1,sup_h0,1,1
574,t_h1,1,sup_h1,1,1
575,t_h0,1,sup_h0,1,1
576,t_h1,1,sup_h1,1,1
577,t_h1,1,sup_h1,1,1
578,EMPTY,0,bot,0,1
579,t_h0,1,sup_h0,1,1
580,"t_h0,t_h1",1,sup_h0,1,1
581,EMPTY,0,bot,0,1
582,t_h0,1,sup_h0,1,1
583,"t_h0,t_h1",1,sup_h0,1,1
584,t_h0,1,sup_h0,1,1
585,"t_h0,t_h1",1,sup_h0,1,1
586,EMPTY,0,bot,0,1
587,t_h1,1,sup_h1,1,1
588,t_h1,1,sup_h1,1,1
589,EMPTY,0,bot,0,1
590,EMPTY,0,bot,0,1
591,t_h0,1,sup_h0,1,1
592,EMPTY,0,bot,0,1
593,t_h0,1,sup_h0,1,1
594,EMPTY,0,bot,0,1
595,"t_h0,t_h1",1,sup_h0,1,1
596,EMPTY,0,bot,0,1
597,EMPTY,0,bot,0,1
598,EMPTY,0,bot,0,1
599,EMPTY,0,bot,0,1
600,t_h0,1,sup_h0,1,1
601,t_h1,1,sup_h1,1,1
602,EMPTY,0,bot,0,1
603,t_h0,1,sup_h0,1,1
604,EMPTY,0,bot,0,1
605,"t_h0,t_h1",1,sup_h0,1,1
606,t_h1,1,sup_h1,1,1
607,t_h0,1,sup_h0,1,1
608,t_h0,1,sup_h0,1,1
609,"t_h0,t_h1",1,sup_h0,1,1
610,"t_h0,t_h1",1,sup_h0,1,1
611,"t_h0,t_h1",1,sup_h0,1,1
612,t_h1,1,sup_h1,1,1
613,t_h0,1,sup_h0,1,1
614,t_h1,1,sup_h1,1,1
615,EMPTY,0,bot,0,1
616,EMPTY,0,bot,0,1
617,t_h0,1,sup_h0,1,1
618,t_h0,1,sup_h0,1,1
619,t_h1,1,sup_h1,1,1
620,t_h0,1,sup_h0,1,1
621,"t_h0,t_h1",1,sup_h0,1,1
622,t_h1,1,sup_h1,1,1
623,"t_h0,t_h1",1,sup_h0,1,1
624,EMPTY,0,bot,0,1
625,t_h1,1,sup_h1,1,1
626,t_h0,1,sup_h0,1,1
627,t_h0,1,sup_h0,1,1
628,t_h1,1,sup_h1,1,1
629,t_h0,1,sup_h0,1,1
630,"t_h0,t_h1",1,sup_h0,1,1
631,EMPTY,0,bot,0,1
632,"t_h0,t_h1",1,sup_h0,1,1
633,"t_h0,t_h1",1,sup_h0,1,1
634,t_h0,1,sup_h0,1,1
635,t_h1,1,sup_h1,1,1
636,EMPTY,0,bot,0,1
637,t_h1,1,sup_h1,1,1
638,EMPTY,0,bot,0,1
639,EMPTY,0,bot,0,1
640,EMPTY,0,bot,0,1
641,t_h1,1,sup_h1,1,1
642,"t_h0,t_h1",1,sup_h0,1,1
643,"t_h0,t_h1",1,sup_h0,1,1
644,"t_h0,t_h1",1,sup_h0,1,1
645,"t_h0,t_h1",1,sup_h0,1,1
646,"t_h0,t_h1",1,sup_h0,1,1
647,t_h1,1,sup_h1,1,1
648,EMPTY,0,bot,0,1
649,t_h1,1,sup_h1,1,1
650,t_h1,1,sup_h1,1,1
651,"t_h0,t_h1",1,sup_h0,1,1
652,t_h0,1,sup_h0,1,1
653,t_h1,1,sup_h1,1,1
654,"t_h0,t_h1",1,sup_h0,1,1
655,"t_h0,t_h1",1,sup_h0,1,1
656,t_h1,1,sup_h1,1,1
657,EMPTY,0,bot,0,1
658,t_h0,1,sup_h0,1,1
659,t_h1,1,sup_h1,1,1
660,"t_h0,t_h1",1,sup_h0,1,1
661,"t_h0,t_h1",1,sup_h0,1,1
662,t_h0,1,sup_h0,1,1
663,"t_h0,t_h1",1,sup_h0,1,1
664,"t_h0,t_h1",1,sup_h0,1,1
665,t_h0,1,sup_h0,1,1
666,"t_h0,t_h1",1,sup_h0,1,1
667,EMPTY,0,bot,0,1
668,EMPTY,0,bot,0,1
669,t_h1,1,sup_h1,1,1
670,t_h1,1,sup_h1,1,1
671,t_h1,1,sup_h1,1,1
672,"t_h0,t_h1",1,sup_h0,1,1
673,t_h0,1,sup_h0,1,1
674,"t_h0,t_h1",1,sup_h0,1,1
675,t_h0,1,sup_h0,1,1
676,t_h1,1,sup_h1,1,1
677,EMPTY,0,bot,0,1
678,"t_h0,t_h1",1,sup_h0,1,1
679,EMPTY,0,bot,0,1
680,t_h1,1,sup_h1,1,1
681,t_h1,1,sup_h1,1,1
682,"t_h0,t_h1",1,sup_h0,1,1
683,"t_h0,t_h1",1,sup_h0,1,1
684,t_h0,1,sup_h0,1,1
685,EMPTY,0,bot,0,1
686,"t_h0,t_h1",1,sup_h0,1,1
687,t_h1,1,sup_h1,1,1
688,EMPTY,0,bot,0,1
689,EMPTY,0,bot,0,1
690,EMPTY,0,bot,0,1
691,t_h1,1,sup_h1,1,1
692,"t_h0,t_h1",1,sup_h0,1,1
693,t_h1,1,sup_h1,1,1
694,"t_h0,t_h1",1,sup_h0,1,1
695,t_h1,1,sup_h1,1,1
696,t_h1,1,sup_h1,1,1
697,t_h1,1,sup_h1,1,1
698,"t_h0,t_h1",1,sup_h0,1,1
699,t_h0,1,sup_h0,1,1
700,"t_h0,t_h1",1,sup_h0,1,1
701,t_h1,1,sup_h1,1,1
702,t_h0,1,sup_h0,1,1
703,t_h0,1,sup_h0,1,1
704,t_h0,1,sup_h0,1,1
705,EMPTY,0,bot,0,1
706,"t_h0,t_h1",1,sup_h0,1,1
707,t_h0,1,sup_h0,1,1
708,t_h1,1,sup_h1,1,1
709,EMPTY,0,bot,0,1
710,t_h1,1,sup_h1,1,1
711,t_h1,1,sup_h1,1,1
712,t_h0,1,sup_h0,1,1
713,EMPTY,0,bot,0,1
714,EMPTY,0,bot,0,1
715,"t_h0,t_h1",1,sup_h0,1,1
716,t_h0,1,sup_h0,1,1
717,"t_h0,t_h1",1,sup_h0,1,1
718,"t_h0,t_h1",1,sup_h0,1,1
719,t_h1,1,sup_h1,1,1
720,EMPTY,0,bot,0,1
721,EMPTY,0,bot,0,1
722,EMPTY,0,bot,0,1
723,EMPTY,0,bot,0,1
724,"t_h0,t_h1",1,sup_h0,1,1
725,t_h0,1,sup_h0,1,1
726,EMPTY,0,bot,0,1
727,EMPTY,0,bot,0,1
728,EMPTY,0,bot,0,1
729,t_h0,1,sup_h0,1,1
730,t_h1,1,sup_h1,1,1
731,t_h0,1,sup_h0,1,1
732,EMPTY,0,bot,0,1
733,t_h0,1,sup_h0,1,1
734,EMPTY,0,bot,0,1
735,EMPTY,0,bot,0,1
736,"t_h0,t_h1",1,sup_h0,1,1
737,t_h0,1,sup_h0,1,1
738,EMPTY,0,bot,0,1
739,EMPTY,0,bot,0,1
740,t_h1,1,sup_h1,1,1
741,t_h1,1,sup_h1,1,1
742,"t_h0,t_h1",1,sup_h0,1,1
743,t_h0,1,sup_h0,1,1
744,"t_h0,t_h1",1,sup_h0,1,1
745,t_h0,1,sup_h0,1,1
746,"t_h0,t_h1",1,sup_h0,1,1
747,"t_h0,t_h1",1,sup_h0,1,1
748,"t_h0,t_h1",1,sup_h0,1,1
749,t_h0,1,sup_h0,1,1
750,EMPTY,0,bot,0,1
751,t_h0,1,sup_h0,1,1
752,EMPTY,0,bot,0,1
753,EMPTY,0,bot,0,1
754,"t_h0,t_h1",1,sup_h0,1,1
755,t_h0,1,sup_h0,1,1
756,t_h1,1,sup_h1,1,1
757,t_h0,1,sup_h0,1,1
758,"t_h0,t_h1",1,sup_h0,1,1
759,EMPTY,0,bot,0,1
760,"t_h0,t_h1",1,sup_h0,1,1
761,"t_h0,t_h1",1,sup_h0,1,1
762,t_h0,1,sup_h0,1,1
763,t_h0,1,sup_h0,1,1
764,EMPTY,0,bot,0,1
765,EMPTY,0,bot,0,1
766,"t_h0,t_h1",1,sup_h0,1,1
767,"t_h0,t_h1",1,sup_h0,1,1
768,t_h0,1,sup_h0,1,1
769,EMPTY,0,bot,0,1
770,t_h0,1,sup_h0,1,1
771,t_h1,1,sup_h1,1,1
772,EMPTY,0,bot,0,1
773,t_h1,1,sup_h1,1,1
774,t_h1,1,sup_h1,1,1
775,EMPTY,0,bot,0,1
776,EMPTY,0,bot,0,1
777,"t_h0,t_h1",1,sup_h0,1,1
778,"t_h0,t_h1",1,sup_h0,1,1
779,EMPTY,0,bot,0,1
780,EMPTY,0,bot,0,1
781,EMPTY,0,bot,0,1
782,"t_h0,t_h1",1,sup_h0,1,1
783,EMPTY,0,bot,0,1
784,t_h0,1,sup_h0,1,1
785,"t_h0,t_h1",1,sup_h0,1,1
786,"t_h0,t_h1",1,sup_h0,1,1
787,"t_h0,t_h1",1,sup_h0,1,1
788,t_h0,1,sup_h0,1,1
789,t_h0,1,sup_h0,1,1
790,t_h0,1,sup_h0,1,1
791,"t_h0,t_h1",1,sup_h0,1,1
792,"t_h0,t_h1",1,sup_h0,1,1
793,t_h1,1,sup_h1,1,1
794,t_h1,1,sup_h1,1,1
795,"t_h0,t_h1",1,sup_h0,1,1
796,EMPTY,0,bot,0,1
797,t_h1,1,sup_h1,1,1
798,t_h1,1,sup_h1,1,1
799,"t_h0,t_h1",1,sup_h0,1,1
800,"t_h0,t_h1",1,sup_h0,1,1
801,t_h1,1,sup_h1,1,1
802,t_h1,1,sup_h1,1,1
803,t_h0,1,sup_h0,1,1
804,EMPTY,0,bot,0,1
805,"t_h0,t_h1",1,sup_h0,1,1
806,t_h0,1,sup_h0,1,1
807,t_h0,1,sup_h0,1,1
808,EMPTY,0,bot,0,1
809,"t_h0,t_h1",1,sup_h0,1,1
810,EMPTY,0,bot,0,1
811,t_h0,1,sup_h0,1,1
812,EMPTY,0,bot,0,1
813,EMPTY,0,bot,0,1
814,t_h0,1,sup_h0,1,1
815,"t_h0,t_h1",1,sup_h0,1,1
816,t_h1,1,sup_h1,1,1
817,"t_h0,t_h1",1,sup_h0,1,1
818,EMPTY,0,bot,0,1
819,t_h1,1,sup_h1,1,1
820,EMPTY,0,bot,0,1
821,EMPTY,0,bot,0,1
822,"t_h0,t_h1",1,sup_h0,1,1
823,t_h1,1,sup_h1,1,1
824,EMPTY,0,bot,0,1
825,"t_h0,t_h1",1,sup_h0,1,1
826,"t_h0,t_h1",1,sup_h0,1,1
827,t_h1,1,sup_h1,1,1
828,"t_h0,t_h1",1,sup_h0,1,1
829,t_h1,1,sup_h1,1,1
830,EMPTY,0,bot,0,1
831,t_h0,1,sup_h0,1,1
832,EMPTY,0,bot,0,1
833,EMPTY,0,bot,0,1
834,t_h0,1,sup_h0,1,1
835,"t_h0,t_h1",1,sup_h0,1,1
836,t_h1,1,sup_h1,1,1
837,EMPTY,0,bot,0,1
838,"t_h0,t_h1",1,sup_h0,1,1
839,EMPTY,0,bot,0,1
840,t_h1,1,sup_h1,1,1
841,t_h1,1,sup_h1,1,1
842,t_h1,1,sup_h1,1,1
843,"t_h0,t_h1",1,sup_h0,1,1
844,t_h0,1,sup_h0,1,1
845,t_h1,1,sup_h1,1,1
846,EMPTY,0,bot,0,1
847,EMPTY,0,bot,0,1
848,t_h0,1,sup_h0,1,1
849,t_h0,1,sup_h0,1,1
850,t_h0,1,sup_h0,1,1
851,"t_h0,t_h1",1,sup_h0,1,1
852,"t_h0,t_h1",1,sup_h0,1,1
853,EMPTY,0,bot,0,1
854,t_h1,1,sup_h1,1,1
855,"t_h0,t_h1",1,sup_h0,1,1
856,t_h1,1,sup_h1,1,1
857,"t_h0,t_h1",1,sup_h0,1,1
858,EMPTY,0,bot,0,1
859,EMPTY,0,bot,0,1
860,"t_h0,t_h1",1,sup_h0,1,1
861,EMPTY,0,bot,0,1
862,t_h0,1,sup_h0,1,1
863,"t_h0,t_h1",1,sup_h0,1,1
864,t_h1,1,sup_h1,1,1
865,"t_h0,t_h1",1,sup_h0,1,1
866,t_h0,1,sup_h0,1,1
867,"t_h0,t_h1",1,sup_h0,1,1
868,t_h0,1,sup_h0,1,1
869,t_h1,1,sup_h1,1,1
870,t_h0,1,sup_h0,1,1
871,"t_h0,t_h1",1,sup_h0,1,1
872,EMPTY,0,bot,0,1
873,t_h1,1,sup_h1,1,1
874,EMPTY,0,bot,0,1
875,t_h0,1,sup_h0,1,1
876,EMPTY,0,bot,0,1
877,EMPTY,0,bot,0,1
878,t_h1,1,sup_h1,1,1
879,"t_h0,t_h1",1,sup_h0,1,1
880,t_h1,1,sup_h1,1,1
881,EMPTY,0,bot,0,1
882,t_h1,1,sup_h1,1,1
883,t_h0,1,sup_h0,1,1
884,"t_h0,t_h1",1,sup_h0,1,1
885,EMPTY,0,bot,0,1
886,"t_h0,t_h1",1,sup_h0,1,1
887,t_h1,1,sup_h1,1,1
888,t_h0,1,sup_h0,1,1
889,t_h0,1,sup_h0,1,1
890,t_h1,1,sup_h1,1,1
891,EMPTY,0,bot,0,1
892,t_h1,1,sup_h1,1,1
893,EMPTY,0,bot,0,1
894,t_h1,1,sup_h1,1,1
895,t_h1,1,sup_h1,1,1
896,"t_h0,t_h1",1,sup_h0,1,1
897,t_h0,1,sup_h0,1,1
898,"t_h0,t_h1",1,sup_h0,1,1
899,"t_h0,t_h1",1,sup_h0,1,1
900,t_h0,1,sup_h0,1,1
901,t_h0,1,sup_h0,1,1
902,t_h1,1,sup_h1,1,1
903,t_h0,1,sup_h0,1,1
904,t_h1,1,sup_h1,1,1
905,t_h0,1,sup_h0,1,1
906,t_h0,1,sup_h0,1,1
907,t_h0,1,sup_h0,1,1
908,"t_h0,t_h1",1,sup_h0,1,1
909,EMPTY,0,bot,0,1
910,t_h0,1,sup_h0,1,1
911,EMPTY,0,bot,0,1
912,t_h1,1,sup_h1,1,1
913,t_h1,1,sup_h1,1,1
914,"t_h0,t_h1",1,sup_h0,1,1
915,EMPTY,0,bot,0,1
916,t_h0,1,sup_h0,1,1
917,"t_h0,t_h1",1,sup_h0,1,1
918,t_h1,1,sup_h1,1,1
919,t_h0,1,sup_h0,1,1
920,EMPTY,0,bot,0,1
921,"t_h0,t_h1",1,sup_h0,1,1
922,t_h0,1,sup_h0,1,1
923,"t_h0,t_h1",1,sup_h0,1,1
924,t_h1,1,sup_h1,1,1
925,t_h0,1,sup_h0,1,1
926,t_h1,1,sup_h1,1,1
927,EMPTY,0,bot,0,1
928,"t_h0,t_h1",1,sup_h0,1,1
929,"t_h0,t_h1",1,sup_h0,1,1
930,EMPTY,0,bot,0,1
931,"t_h0,t_h1",1,sup_h0,1,1
932,"t_h0,t_h1",1,sup_h0,1,1
933,EMPTY,0,bot,0,1
934,t_h0,1,sup_h0,1,1
935,"t_h0,t_h1",1,sup_h0,1,1
936,t_h1,1,sup_h1,1,1
937,t_h1,1,sup_h1,1,1
938,"t_h0,t_h1",1,sup_h0,1,1
939,t_h0,1,sup_h0,1,1
940,EMPTY,0,bot,0,1
941,t_h1,1,sup_h1,1,1
942,"t_h0,t_h1",1,sup_h0,1,1
943,EMPTY,0,bot,0,1
944,t_h0,1,sup_h0,1,1
945,t_h0,1,sup_h0,1,1
946,EMPTY,0,bot,0,1
947,"t_h0,t_h1",1,sup_h0,1,1
948,EMPTY,0,bot,0,1
949,t_h1,1,sup_h1,1,1
950,EMPTY,0,bot,0,1
951,"t_h0,t_h1",1,sup_h0,1,1
952,EMPTY,0,bot,0,1
953,t_h1,1,sup_h1,1,1
954,"t_h0,t_h1",1,sup_h0,1,1
955,EMPTY,0,bot,0,1
956,EMPTY,0,bot,0,1
957,"t_h0,t_h1",1,sup_h0,1,1
958,t_h0,1,sup_h0,1,1
959,"t_h0,t_h1",1,sup_h0,1,1
960,EMPTY,0,bot,0,1
961,"t_h0,t_h1",1,sup_h0,1,1
962,"t_h0,t_h1",1,sup_h0,1,1
963,EMPTY,0,bot,0,1
964,"t_h0,t_h1",1,sup_h0,1,1
965,EMPTY,0,bot,0,1
966,EMPTY,0,bot,0,1
967,EMPTY,0,bot,0,1
968,t_h0,1,sup_h0,1,1
969,t_h1,1,sup_h1,1,1
970,t_h0,1,sup_h0,1,1
971,t_h0,1,sup_h0,1,1
972,t_h0,1,sup_h0,1,1
973,t_h1,1,sup_h1,1,1
974,EMPTY,0,bot,0,1
975,t_h1,1,sup_h1,1,1
976,t_h0,1,sup_h0,1,1
977,t_h0,1,sup_h0,1,1
978,t_h0,1,sup_h0,1,1
979,"t_h0,t_h1",1,sup_h0,1,1
980,t_h1,1,sup_h1,1,1
981,t_h0,1,sup_h0,1,1
982,t_h1,1,sup_h1,1,1
983,t_h0,1,sup_h0,1,1
984,"t_h0,t_h1",1,sup_h0,1,1
985,t_h0,1,sup_h0,1,1
986,"t_h0,t_h1",1,sup_h0,1,1
987,t_h1,1,sup_h1,1,1
988,EMPTY,0,bot,0,1
989,t_h1,1,sup_h1,1,1
990,EMPTY,0,bot,0,1
991,EMPTY,0,bot,0,1
992,t_h1,1,sup_h1,1,1
993,t_h1,1,sup_h1,1,1
994,EMPTY,0,bot,0,1
995,t_h1,1,sup_h1,1,1
996,t_h1,1,sup_h1,1,1
997,t_h0,1,sup_h0,1,1
998,"t_h0,t_h1",1,sup_h0,1,1
999,"t_h0,t_h1",1,sup_h0,1,1
1000,t_h1,1,sup_h1,1,1
1001,EMPTY,0,bot,0,1
1002,t_h1,1,sup_h1,1,1
1003,t_h1,1,sup_h1,1,1
1004,t_h1,1,sup_h1,1,1
1005,"t_h0,t_h1",1,sup_h0,1,1
1006,"t_h0,t_h1",1,sup_h0,1,1
1007,t_h0,1,sup_h0,1,1
1008,"t_h0,t_h1",1,sup_h0,1,1
1009,EMPTY,0,bot,0,1
1010,"t_h0,t_h1",1,sup_h0,1,1
1011,EMPTY,0,bot,0,1
1012,EMPTY,0,bot,0,1
1013,EMPTY,0,bot,0,1
1014,t_h1,1,sup_h1,1,1
1015,t_h0,1,sup_h0,1,1
1016,EMPTY,0,bot,0,1
1017,"t_h0,t_h1",1,sup_h0,1,1
1018,t_h1,1,sup_h1,1,1
1019,t_h1,1,sup_h1,1,1
1020,t_h0,1,sup_h0,1,1
1021,EMPTY,0,bot,0,1
1022,EMPTY,0,bot,0,1
1023,EMPTY,0,bot,0,1
1024,t_h1,1,sup_h1,1,1
1025,t_h0,1,sup_h0,1,1
1026,t_h1,1,sup_h1,1,1
1027,"t_h0,t_h1",1,sup_h0,1,1
1028,t_h1,1,sup_h1,1,1
1029,EMPTY,0,bot,0,1
1030,EMPTY,0,bot,0,1
1031,t_h1,1,sup_h1,1,1
1032,t_h0,1,sup_h0,1,1
1033,EMPTY,0,bot,0,1
1034,EMPTY,0,bot,0,1
1035,t_h0,1,sup_h0,1,1
1036,t_h0,1,sup_h0,1,1
1037,t_h1,1,sup_h1,1,1
1038,"t_h0,t_h1",1,sup_h0,1,1
1039,EMPTY,0,bot,0,1
1040,t_h0,1,sup_h0,1,1
1041,t_h1,1,sup_h1,1,1
1042,t_h1,1,sup_h1,1,1
1043,"t_h0,t_h1",1,sup_h0,1,1
1044,EMPTY,0,bot,0,1
1045,EMPTY,0,bot,0,1
1046,t_h1,1,sup_h1,1,1
1047,"t_h0,t_h1",1,sup_h0,1,1
1048,t_h1,1,sup_h1,1,1
1049,t_h0,1,sup_h0,1,1
1050,"t_h0,t_h1",1,sup_h0,1,1
1051,t_h0,1,sup_h0,1,1
1052,"t_h0,t_h1",1,sup_h0,1,1
1053,EMPTY,0,bot,0,1
1054,t_h0,1,sup_h0,1,1
1055,EMPTY,0,bot,0,1
1056,"t_h0,t_h1",1,sup_h0,1,1
1057,t_h0,1,sup_h0,1,1
1058,"t_h0,t_h1",1,sup_h0,1,1
1059,t_h1,1,sup_h1,1,1
1060,EMPTY,0,bot,0,1
1061,t_h1,1,sup_h1,1,1
1062,t_h0,1,sup_h0,1,1
1063,t_h1,1,sup_h1,1,1
1064,t_h1,1,sup_h1,1,1
1065,"t_h0,t_h1",1,sup_h0,1,1
1066,"t_h0,t_h1",1,sup_h0,1,1
1067,"t_h0,t_h1",1,sup_h0,1,1
1068,EMPTY,0,bot,0,1
1069,t_h1,1,sup_h1,1,1
1070,EMPTY,0,bot,0,1
1071,t_h0,1,sup_h0,1,1
1072,"t_h0,t_h1",1,sup_h0,1,1
1073,t_h1,1,sup_h1,1,1
1074,"t_h0,t_h1",1,sup_h0,1,1
1075,EMPTY,0,bot,0,1
1076,t_h1,1,sup_h1,1,1
1077,t_h1,1,sup_h1,1,1
1078,"t_h0,t_h1",1,sup_h0,1,1
1079,EMPTY,0,bot,0,1
1080,"t_h0,t_h1",1,sup_h0,1,1
1081,t_h1,1,sup_h1,1,1
1082,t_h0,1,sup_h0,1,1
1083,"t_h0,t_h1",1,sup_h0,1,1
1084,"t_h0,t_h1",1,sup_h0,1,1
1085,t_h1,1,sup_h1,1,1
1086,t_h0,1,sup_h0,1,1
1087,t_h1,1,sup_h1,1,1
1088,t_h1,1,sup_h1,1,1
1089,t_h0,1,sup_h0,1,1
1090,EMPTY,0,bot,0,1
1091,t_h1,1,sup_h1,1,1
1092,t_h1,1,sup_h1,1,1
1093,t_h0,1,sup_h0,1,1
1094,EMPTY,0,bot,0,1
1095,"t_h0,t_h1",1,sup_h0,1,1
1096,t_h0,1,sup_h0,1,1
1097,t_h0,1,sup_h0,1,1
1098,t_h1,1,sup_h1,1,1
1099,t_h1,1,sup_h1,1,1
1100,"t_h0,t_h1",1,sup_h0,1,1
1101,t_h1,1,sup_h1,1,1
1102,t_h0,1,sup_h0,1,1
1103,t_h0,1,sup_h0,1,1
1104,EMPTY,0,bot,0,1
1105,t_h1,1,sup_h1,1,1
1106,t_h0,1,sup_h0,1,1
1107,t_h1,1,sup_h1,1,1
1108,"t_h0,t_h1",1,sup_h0,1,1
1109,EMPTY,0,bot,0,1
1110,t_h0,1,sup_h0,1,1
1111,"t_h0,t_h1",1,sup_h0,1,1
1112,EMPTY,0,bot,0,1
1113,t_h0,1,sup_h0,1,1
1114,t_h0,1,sup_h0,1,1
1115,"t_h0,t_h1",1,sup_h0,1,1
1116,t_h0,1,sup_h0,1,1
1117,t_h1,1,sup_h1,1,1
1118,"t_h0,t_h1",1,sup_h0,1,1
1119,"t_h0,t_h1",1,sup_h0,1,1
1120,"t_h0,t_h1",1,sup_h0,1,1
1121,t_h0,1,sup_h0,1,1
1122,t_h1,1,sup_h1,1,1
1123,EMPTY,0,bot,0,1
1124,t_h1,1,sup_h1,1,1
1125,t_h1,1,sup_h1,1,1
1126,"t_h0,t_h1",1,sup_h0,1,1
1127,"t_h0,t_h1",1,sup_h0,1,1
1128,EMPTY,0,bot,0,1
1129,EMPTY,0,bot,0,1
1130,t_h1,1,sup_h1,1,1
1131,"t_h0,t_h1",1,sup_h0,1,1
1132,t_h0,1,sup_h0,1,1
1133,EMPTY,0,bot,0,1
1134,EMPTY,0,bot,0,1
1135,"t_h0,t_h1",1,sup_h0,1,1
1136,EMPTY,0,bot,0,1
1137,t_h0,1,sup_h0,1,1
1138,t_h0,1,sup_h0,1,1
1139,t_h1,1,sup_h1,1,1
1140,"t_h0,t_h1",1,sup_h0,1,1
1141,t_h1,1,sup_h1,1,1
1142,t_h1,1,sup_h1,1,1
1143,EMPTY,0,bot,0,1
1144,t_h1,1,sup_h1,1,1
1145,t_h0,1,sup_h0,1,1
1146,t_h0,1,sup_h0,1,1
1147,EMPTY,0,bot,0,1
1148,t_h1,1,sup_h1,1,1
1149,EMPTY,0,bot,0,1
1150,"t_h0,t_h1",1,sup_h0,1,1
1151,EMPTY,0,bot,0,1
1152,EMPTY,0,bot,0,1
1153,t_h0,1,sup_h0,1,1
1154,EMPTY,0,bot,0,1
1155,t_h0,1,sup_h0,1,1
1156,"t_h0,t_h1",1,sup_h0,1,1
1157,t_h0,1,sup_h0,1,1
1158,"t_h0,t_h1",1,sup_h0,1,1
1159,"t_h0,t_h1",1,sup_h0,1,1
1160,EMPTY,0,bot,0,1
1161,EMPTY,0,bot,0,1
1162,EMPTY,0,bot,0,1
1163,t_h0,1,sup_h0,1,1
1164,EMPTY,0,bot,0,1
1165,t_h0,1,sup_h0,1,1
1166,t_h1,1,sup_h1,1,1
1167,EMPTY,0,bot,0,1
1168,t_h1,1,sup_h1,1,1
1169,"t_h0,t_h1",1,sup_h0,1,1
1170,"t_h0,t_h1",1,sup_h0,1,1
1171,EMPTY,0,bot,0,1
1172,t_h0,1,sup_h0,1,1
1173,t_h1,1,sup_h1,1,1
1174,EMPTY,0,bot,0,1
1175,"t_h0,t_h1",1,sup_h0,1,1
1176,EMPTY,0,bot,0,1
1177,"t_h0,t_h1",1,sup_h0,1,1
1178,t_h1,1,sup_h1,1,1
1179,t_h0,1,sup_h0,1,1
1180,t_h0,1,sup_h0,1,1
1181,t_h1,1,sup_h1,1,1
1182,t_h1,1,sup_h1,1,1
1183,t_h0,1,sup_h0,1,1
1184,"t_h0,t_h1",1,sup_h0,1,1
1185,t_h1,1,sup_h1,1,1
1186,t_h0,1,sup_h0,1,1
1187,t_h0,1,sup_h0,1,1
1188,t_h1,1,sup_h1,1,1
1189,t_h1,1,sup_h1,1,1
1190,EMPTY,0,bot,0,1
1191,t_h1,1,sup_h1,1,1
1192,t_h0,1,sup_h0,1,1
1193,t_h1,1,sup_h1,1,1
1194,t_h0,1,sup_h0,1,1
1195,EMPTY,0,bot,0,1
1196,"t_h0,t_h1",1,sup_h0,1,1
1197,t_h1,1,sup_h1,1,1
1198,t_h1,1,sup_h1,1,1
1199,EMPTY,0,bot,0,1
1200,t_h0,1,sup_h0,1,1
1201,EMPTY,0,bot,0,1
1202,t_h0,1,sup_h0,1,1
1203,"t_h0,t_h1",1,sup_h0,1,1
1204,"t_h0,t_h1",1,sup_h0,1,1
1205,t_h0,1,sup_h0,1,1
1206,t_h1,1,sup_h1,1,1
1207,t_h0,1,sup_h0,1,1
1208,t_h1,1,sup_h1,1,1
1209,"t_h0,t_h1",1,sup_h0,1,1
1210,t_h1,1,sup_h1,1,1
1211,t_h1,1,sup_h1,1,1
1212,t_h0,1,sup_h0,1,1
1213,EMPTY,0,bot,0,1
1214,t_h1,1,sup_h1,1,1
1215,t_h0,1,sup_h0,1,1
1216,"t_h0,t_h1",1,sup_h0,1,1
1217,t_h0,1,sup_h0,1,1
1218,t_h0,1,sup_h0,1,1
1219,t_h0,1,sup_h0,1,1
1220,EMPTY,0,bot,0,1
1221,t_h1,1,sup_h1,1,1
1222,t_h0,1,sup_h0,1,1
1223,t_h1,1,sup_h1,1,1
1224,EMPTY,0,bot,0,1
1225,"t_h0,t_h1",1,sup_h0,1,1
1226,"t_h0,t_h1",1,sup_h0,1,1
1227,t_h0,1,sup_h0,1,1
1228,"t_h0,t_h1",1,sup_h0,1,1
1229,t_h0,1,sup_h0,1,1
1230,"t_h0,t_h1",1,sup_h0,1,1
1231,t_h1,1,sup_h1,1,1
1232,EMPTY,0,bot,0,1
1233,EMPTY,0,bot,0,1
1234,t_h1,1,sup_h1,1,1
1235,EMPTY,0,bot,0,1
1236,"t_h0,t_h1",1,sup_h0,1,1
1237,t_h0,1,sup_h0,1,1
1238,t_h1,1,sup_h1,1,1
1239,t_h1,1,sup_h1,1,1
1240,t_h1,1,sup_h1,1,1
1241,EMPTY,0,bot,0,1
1242,t_h0,1,sup_h0,1,1
1243,t_h0,1,sup_h0,1,1
1244,t_h1,1,sup_h1,1,1
1245,"t_h0,t_h1",1,sup_h0,1,1
1246,t_h1,1,sup_h1,1,1
1247,t_h0,1,sup_h0,1,1
1248,t_h1,1,sup_h1,1,1
1249,EMPTY,0,bot,0,1
1250,t_h1,1,sup_h1,1,1
1251,t_h0,1,sup_h0,1,1
1252,EMPTY,0,bot,0,1
1253,EMPTY,0,bot,0,1
1254,EMPTY,0,bot,0,1
1255,t_h1,1,sup_h1,1,1
1256,"t_h0,t_h1",1,sup_h0,1,1
1257,"t_h0,t_h1",1,sup_h0,1,1
1258,EMPTY,0,bot,0,1
1259,t_h1,1,sup_h1,1,1
1260,"t_h0,t_h1",1,sup_h0,1,1
1261,t_h0,1,sup_h0,1,1
1262,t_h1,1,sup_h1,1,1
1263,t_h1,1,sup_h1,1,1
1264,EMPTY,0,bot,0,1
1265,t_h0,1,sup_h0,1,1
1266,t_h0,1,sup_h0,1,1
1267,EMPTY,0,bot,0,1
1268,t_h1,1,sup_h1,1,1
1269,t_h0,1,sup_h0,1,1
1270,EMPTY,0,bot,0,1
1271,"t_h0,t_h1",1,sup_h0,1,1
1272,t_h0,1,sup_h0,1,1
1273,t_h1,1,sup_h1,1,1
1274,t_h1,1,sup_h1,1,1
1275,t_h1,1,sup_h1,1,1
1276,"t_h0,t_h1",1,sup_h0,1,1
1277,t_h1,1,sup_h1,1,1
1278,t_h1,1,sup_h1,1,1
1279,EMPTY,0,bot,0,1
1280,EMPTY,0,bot,0,1
1281,EMPTY,0,bot,0,1
1282,t_h0,1,sup_h0,1,1
1283,EMPTY,0,bot,0,1
1284,"t_h0,t_h1",1,sup_h0,1,1
1285,"t_h0,t_h1",1,sup_h0,1,1
1286,t_h0,1,sup_h0,1,1
1287,"t_h0,t_h1",1,sup_h0,1,1
1288,t_h0,1,sup_h0,1,1
1289,t_h0,1,sup_h0,1,1
1290,"t_h0,t_h1",1,sup_h0,1,1
1291,t_h0,1,sup_h0,1,1
1292,"t_h0,t_h1",1,sup_h0,1,1
1293,"t_h0,t_h1",1,sup_h0,1,1
1294,t_h1,1,sup_h1,1,1
1295,"t_h0,t_h1",1,sup_h0,1,1
1296,"t_h0,t_h1",1,sup_h0,1,1
1297,t_h1,1,sup_h1,1,1
1298,EMPTY,0,bot,0,1
1299,t_h1,1,sup_h1,1,1
1300,"t_h0,t_h1",1,sup_h0,1,1
1301,EMPTY,0,bot,0,1
1302,t_h1,1,sup_h1,1,1
1303,t_h0,1,sup_h0,1,1
1304,t_h0,1,sup_h0,1,1
1305,"t_h0,t_h1",1,sup_h0,1,1
1306,t_h0,1,sup_h0,1,1
1307,t_h0,1,sup_h0,1,1
1308,"t_h0,t_h1",1,sup_h0,1,1
1309,t_h0,1,sup_h0,1,1
1310,EMPTY,0,bot,0,1
1311,t_h1,1,sup_h1,1,1
1312,EMPTY,0,bot,0,1
1313,t_h0,1,sup_h0,1,1
1314,t_h1,1,sup_h1,1,1
1315,t_h1,1,sup_h1,1,1
1316,EMPTY,0,bot,0,1
1317,EMPTY,0,bot,0,1
1318,t_h0,1,sup_h0,1,1
1319,EMPTY,0,bot,0,1
1320,t_h1,1,sup_h1,1,1
1321,EMPTY,0,bot,0,1
1322,t_h0,1,sup_h0,1,1
1323,EMPTY,0,bot,0,1
1324,t_h1,1,sup_h1,1,1
1325,t_h0,1,sup_h0,1,1
1326,t_h1,1,sup_h1,1,1
1327,EMPTY,0,bot,0,1
1328,EMPTY,0,bot,0,1
1329,"t_h0,t_h1",1,sup_h0,1,1
1330,t_h1,1,sup_h1,1,1
1331,EMPTY,0,bot,0,1
1332,EMPTY,0,bot,0,1
1333,t_h1,1,sup_h1,1,1
1334,"t_h0,t_h1",1,sup_h0,1,1
1335,"t_h0,t_h1",1,sup_h0,1,1
1336,t_h0,1,sup_h0,1,1
1337,EMPTY,0,bot,0,1
1338,t_h1,1,sup_h1,1,1
1339,t_h1,1,sup_h1,1,1
1340,t_h0,1,sup_h0,1,1
1341,"t_h0,t_h1",1,sup_h0,1,1
1342,"t_h0,t_h1",1,sup_h0,1,1
1343,"t_h0,t_h1",1,sup_h0,1,1
1344,t_h0,1,sup_h0,1,1
1345,EMPTY,0,bot,0,1
1346,"t_h0,t_h1",1,sup_h0,1,1
1347,t_h0,1,sup_h0,1,1
1348,"t_h0,t_h1",1,sup_h0,1,1
1349,t_h0,1,sup_h0,1,1
1350,EMPTY,0,bot,0,1
1351,"t_h0,t_h1",1,sup_h0,1,1
1352,t_h1,1,sup_h1,1,1
1353,t_h0,1,sup_h0,1,1
1354,t_h1,1,sup_h1,1,1
1355,t_h1,1,sup_h1,1,1
1356,EMPTY,0,bot,0,1
1357,EMPTY,0,bot,0,1
1358,t_h0,1,sup_h0,1,1
1359,t_h0,1,sup_h0,1,1
1360,t_h1,1,sup_h1,1,1
1361,"t_h0,t_h1",1,sup_h0,1,1
1362,t_h0,1,sup_h0,1,1
1363,t_h0,1,sup_h0,1,1
1364,t_h1,1,sup_h1,1,1
1365,t_h0,1,sup_h0,1,1
1366,EMPTY,0,bot,0,1
1367,EMPTY,0,bot,0,1
1368,t_h1,1,sup_h1,1,1
1369,t_h0,1,sup_h0,1,1
1370,t_h0,1,sup_h0,1,1
1371,t_h0,1,sup_h0,1,1
1372,EMPTY,0,bot,0,1
1373,"t_h0,t_h1",1,sup_h0,1,1
1374,EMPTY,0,bot,0,1
1375,t_h1,1,sup_h1,1,1
1376,EMPTY,0,bot,0,1
1377,"t_h0,t_h1",1,sup_h0,1,1
1378,t_h0,1,sup_h0,1,1
1379,"t_h0,t_h1",1,sup_h0,1,1
1380,t_h0,1,sup_h0,1,1
1381,t_h0,1,sup_h0,1,1
1382,"t_h0,t_h1",1,sup_h0,1,1
1383,"t_h0,t_h1",1,sup_h0,1,1
1384,t_h0,1,sup_h0,1,1
1385,t_h1,1,sup_h1,1,1
1386,t_h0,1,sup_h0,1,1
1387,EMPTY,0,bot,0,1
1388,EMPTY,0,bot,0,1
1389,t_h0,1,sup_h0,1,1
1390,EMPTY,0,bot,0,1
1391,"t_h0,t_h1",1,sup_h0,1,1
1392,t_h1,1,sup_h1,1,1
1393,"t_h0,t_h1",1,sup_h0,1,1
1394,"t_h0,t_h1",1,sup_h0,1,1
1395,t_h0,1,sup_h0,1,1
1396,t_h1,1,sup_h1,1,1
1397,t_h1,1,sup_h1,1,1
1398,t_h0,1,sup_h0,1,1
1399,t_h1,1,sup_h1,1,1
1400,t_h1,1,sup_h1,1,1
1401,t_h1,1,sup_h1,1,1
1402,"t_h0,t_h1",1,sup_h0,1,1
1403,t_h0,1,sup_h0,1,1
1404,"t_h0,t_h1",1,sup_h0,1,1
1405,t_h0,1,sup_h0,1,1
1406,EMPTY,0,bot,0,1
1407,t_h1,1,sup_h1,1,1
1408,t_h0,1,sup_h0,1,1
1409,t_h0,1,sup_h0,1,1
1410,t_h0,1,sup_h0,1,1
1411,EMPTY,0,bot,0,1
1412,t_h1,1,sup_h1,1,1
1413,t_h0,1,sup_h0,1,1
1414,t_h0,1,sup_h0,1,1
1415,t_h1,1,sup_h1,1,1
1416,EMPTY,0,bot,0,1
1417,t_h0,1,sup_h0,1,1
1418,"t_h0,t_h1",1,sup_h0,1,1
1419,"t_h0,t_h1",1,sup_h0,1,1
1420,EMPTY,0,bot,0,1
1421,"t_h0,t_h1",1,sup_h0,1,1
1422,t_h1,1,sup_h1,1,1
1423,"t_h0,t_h1",1,sup_h0,1,1
1424,EMPTY,0,bot,0,1
1425,t_h1,1,sup_h1,1,1
1426,EMPTY,0,bot,0,1
1427,t_h0,1,sup_h0,1,1
1428,t_h1,1,sup_h1,1,1
1429,EMPTY,0,bot,0,1
1430,"t_h0,t_h1",1,sup_h0,1,1
1431,t_h1,1,sup_h1,1,1
1432,t_h0,1,sup_h0,1,1
1433,t_h0,1,sup_h0,1,1
1434,"t_h0,t_h1",1,sup_h0,1,1
1435,t_h0,1,sup_h0,1,1
1436,t_h1,1,sup_h1,1,1
1437,EMPTY,0,bot,0,1
1438,EMPTY,0,bot,0,1
1439,"t_h0,t_h1",1,sup_h0,1,1
1440,"t_h0,t_h1",1,sup_h0,1,1
1441,"t_h0,t_h1",1,sup_h0,1,1
1442,t_h0,1,sup_h0,1,1
1443,EMPTY,0,bot,0,1
1444,t_h1,1,sup_h1,1,1
1445,"t_h0,t_h1",1,sup_h0,1,1
1446,t_h1,1,sup_h1,1,1
1447,"t_h0,t_h1",1,sup_h0,1,1
1448,t_h0,1,sup_h0,1,1
1449,t_h1,1,sup_h1,1,1
1450,t_h1,1,sup_h1,1,1
1451,t_h1,1,sup_h1,1,1
1452,"t_h0,t_h1",1,sup_h0,1,1
1453,EMPTY,0,bot,0,1
1454,"t_h0,t_h1",1,sup_h0,1,1
1455,t_h0,1,sup_h0,1,1
1456,"t_h0,t_h1",1,sup_h0,1,1
1457,t_h1,1,sup_h1,1,1
1458,EMPTY,0,bot,0,1
1459,t_h1,1,sup_h1,1,1
1460,EMPTY,0,bot,0,1
1461,t_h0,1,sup_h0,1,1
1462,"t_h0,t_h1",1,sup_h0,1,1
1463,t_h0,1,sup_h0,1,1
1464,"t_h0,t_h1",1,sup_h0,1,1
1465,EMPTY,0,bot,0,1
1466,EMPTY,0,bot,0,1
1467,EMPTY,0,bot,0,1
1468,EMPTY,0,bot,0,1
1469,"t_h0,t_h1",1,sup_h0,1,1
1470,t_h0,1,sup_h0,1,1
1471,EMPTY,0,bot,0,1
1472,"t_h0,t_h1",1,sup_h0,1,1
1473,"t_h0,t_h1",1,sup_h0,1,1
1474,EMPTY,0,bot,0,1
1475,"t_h0,t_h1",1,sup_h0,1,1
1476,t_h1,1,sup_h1,1,1
1477,EMPTY,0,bot,0,1
1478,t_h1,1,sup_h1,1,1
1479,"t_h0,t_h1",1,sup_h0,1,1
1480,t_h0,1,sup_h0,1,1
1481,t_h0,1,sup_h0,1,1
1482,t_h0,1,sup_h0,1,1
1483,"t_h0,t_h1",1,sup_h0,1,1
1484,EMPTY,0,bot,0,1
1485,"t_h0,t_h1",1,sup_h0,1,1
1486,t_h1,1,sup_h1,1,1
1487,"t_h0,t_h1",1,sup_h0,1,1
1488,EMPTY,0,bot,0,1
1489,t_h0,1,sup_h0,1,1
1490,t_h1,1,sup_h1,1,1
1491,t_h1,1,sup_h1,1,1
1492,t_h0,1,sup_h0,1,1
1493,t_h1,1,sup_h1,1,1
1494,EMPTY,0,bot,0,1
1495,"t_h0,t_h1",1,sup_h0,1,1
1496,t_h1,1,sup_h1,1,1
1497,EMPTY,0,bot,0,1
1498,t_h1,1,sup_h1,1,1
1499,EMPTY,0,bot,0,1
1500,"t_h0,t_h1",1,sup_h0,1,1
1501,EMPTY,0,bot,0,1
1502,EMPTY,0,bot,0,1
1503,"t_h0,t_h1",1,sup_h0,1,1
1504,"t_h0,t_h1",1,sup_h0,1,1
1505,"t_h0,t_h1",1,sup_h0,1,1
1506,t_h0,1,sup_h0,1,1
1507,t_h1,1,sup_h1,1,1
1508,t_h1,1,sup_h1,1,1
1509,t_h1,1,sup_h1,1,1
1510,t_h0,1,sup_h0,1,1
1511,EMPTY,0,bot,0,1
1512,"t_h0,t_h1",1,sup_h0,1,1
1513,"t_h0,t_h1",1,sup_h0,1,1
1514,t_h1,1,sup_h1,1,1
1515,t_h1,1,sup_h1,1,1
1516,t_h0,1,sup_h0,1,1
1517,t_h0,1,sup_h0,1,1
1518,EMPTY,0,bot,0,1
1519,EMPTY,0,bot,0,1
1520,t_h1,1,sup_h1,1,1
1521,t_h0,1,sup_h0,1,1
1522,t_h0,1,sup_h0,1,1
1523,t_h0,1,sup_h0,1,1
1524,"t_h0,t_h1",1,sup_h0,1,1
1525,t_h1,1,sup_h1,1,1
1526,"t_h0,t_h1",1,sup_h0,1,1
1527,EMPTY,0,bot,0,1
1528,t_h0,1,sup_h0,1,1
1529,t_h0,1,sup_h0,1,1
1530,"t_h0,t_h1",1,sup_h0,1,1
1531,t_h1,1,sup_h1,1,1
1532,EMPTY,0,bot,0,1
1533,t_h0,1,sup_h0,1,1
1534,t_h0,1,sup_h0,1,1
1535,t_h0,1,sup_h0,1,1
1536,t_h0,1,sup_h0,1,1
1537,t_h1,1,sup_h1,1,1
1538,"t_h0,t_h1",1,sup_h0,1,1
1539,t_h0,1,sup_h0,1,1
1540,t_h1,1,sup_h1,1,1
1541,t_h0,1,sup_h0,1,1
1542,t_h1,1,sup_h1,1,1
1543,"t_h0,t_h1",1,sup_h0,1,1
1544,t_h1,1,sup_h1,1,1
1545,t_h1,1,sup_h1,1,1
1546,EMPTY,0,bot,0,1
1547,t_h1,1,sup_h1,1,1
1548,EMPTY,0,bot,0,1
1549,t_h0,1,sup_h0,1,1
1550,t_h1,1,sup_h1,1,1
1551,EMPTY,0,bot,0,1
1552,t_h0,1,sup_h0,1,1
1553,t_h0,1,sup_h0,1,1
1554,t_h0,1,sup_h0,1,1
1555,EMPTY,0,bot,0,1
1556,t_h1,1,sup_h1,1,1
1557,"t_h0,t_h1",1,sup_h0,1,1
1558,t_h1,1,sup_h1,1,1
1559,t_h1,1,sup_h1,1,1
1560,t_h1,1,sup_h1,1,1
1561,EMPTY,0,bot,0,1
1562,EMPTY,0,bot,0,1
1563,"t_h0,t_h1",1,sup_h0,1,1
1564,EMPTY,0,bot,0,1
1565,"t_h0,t_h1",1,sup_h0,1,1
1566,EMPTY,0,bot,0,1
1567,"t_h0,t_h1",1,sup_h0,1,1
1568,"t_h0,t_h1",1,sup_h0,1,1
1569,EMPTY,0,bot,0,1
1570,t_h0,1,sup_h0,1,1
1571,t_h1,1,sup_h1,1,1
1572,t_h1,1,sup_h1,1,1
1573,t_h1,1,sup_h1,1,1
1574,t_h1,1,sup_h1,1,1
1575,t_h0,1,sup_h0,1,1
1576,EMPTY,0,bot,0,1
1577,"t_h0,t_h1",1,sup_h0,1,1
1578,EMPTY,0,bot,0,1
1579,"t_h0,t_h1",1,sup_h0,1,1
1580,t_h1,1,sup_h1,1,1
1581,"t_h0,t_h1",1,sup_h0,1,1
1582,t_h0,1,sup_h0,1,1
1583,EMPTY,0,bot,0,1
1584,t_h0,1,sup_h0,1,1
1585,t_h0,1,sup_h0,1,1
1586,t_h1,1,sup_h1,1,1
1587,EMPTY,0,bot,0,1
1588,t_h1,1,sup_h1,1,1
1589,t_h0,1,sup_h0,1,1
1590,EMPTY,0,bot,0,1
1591,t_h0,1,sup_h0,1,1
1592,t_h0,1,sup_h0,1,1
1593,EMPTY,0,bot,0,1
1594,EMPTY,0,bot,0,1
1595,t_h1,1,sup_h1,1,1
1596,"t_h0,t_h1",1,sup_h0,1,1
1597,"t_h0,t_h1",1,sup_h0,1,1
1598,EMPTY,0,bot,0,1
1599,t_h1,1,sup_h1,1,1
1600,t_h1,1,sup_h1,1,1
1601,EMPTY,0,bot,0,1
1602,t_h0,1,sup_h0,1,1
1603,EMPTY,0,bot,0,1
1604,t_h1,1,sup_h1,1,1
1605,"t_h0,t_h1",1,sup_h0,1,1
1606,EMPTY,0,bot,0,1
1607,t_h1,1,sup_h1,1,1
1608,"t_h0,t_h1",1,sup_h0,1,1
1609,t_h0,1,sup_h0,1,1
1610,"t_h0,t_h1",1,sup_h0,1,1
1611,t_h1,1,sup_h1,1,1
1612,EMPTY,0,bot,0,1
1613,"t_h0,t_h1",1,sup_h0,1,1
1614,"t_h0,t_h1",1,sup_h0,1,1
1615,t_h0,1,sup_h0,1,1
1616,t_h1,1,sup_h1,1,1
1617,"t_h0,t_h1",1,sup_h0,1,1
1618,"t_h0,t_h1",1,sup_h0,1,1
1619,t_h0,1,sup_h0,1,1
1620,EMPTY,0,bot,0,1
1621,EMPTY,0,bot,0,1
1622,t_h1,1,sup_h1,1,1
1623,"t_h0,t_h1",1,sup_h0,1,1
1624,t_h1,1,sup_h1,1,1
1625,t_h1,1,sup_h1,1,1
1626,"t_h0,t_h1",1,sup_h0,1,1
1627,t_h1,1,sup_h1,1,1
1628,t_h1,1,sup_h1,1,1
1629,"t_h0,t_h1",1,sup_h0,1,1
1630,EMPTY,0,bot,0,1
1631,t_h1,1,sup_h1,1,1
1632,t_h1,1,sup_h1,1,1
1633,t_h0,1,sup_h0,1,1
1634,t_h1,1,sup_h1,1,1
1635,t_h1,1,sup_h1,1,1
1636,"t_h0,t_h1",1,sup_h0,1,1
1637,EMPTY,0,bot,0,1
1638,t_h0,1,sup_h0,1,1
1639,t_h0,1,sup_h0,1,1
1640,t_h0,1,sup_h0,1,1
1641,t_h1,1,sup_h1,1,1
1642,EMPTY,0,bot,0,1
1643,"t_h0,t_h1",1,sup_h0,1,1
1644,t_h0,1,sup_h0,1,1
1645,t_h1,1,sup_h1,1,1
1646,t_h0,1,sup_h0,1,1
1647,t_h0,1,sup_h0,1,1
1648,t_h1,1,sup_h1,1,1
1649,EMPTY,0,bot,0,1
1650,EMPTY,0,bot,0,1
1651,t_h0,1,sup_h0,1,1
1652,t_h1,1,sup_h1,1,1
1653,t_h0,1,sup_h0,1,1
1654,t_h0,1,sup_h0,1,1
1655,"t_h0,t_h1",1,sup_h0,1,1
1656,"t_h0,t_h1",1,sup_h0,1,1
1657,t_h0,1,sup_h0,1,1
1658,t_h0,1,sup_h0,1,1
1659,t_h1,1,sup_h1,1,1
1660,EMPTY,0,bot,0,1
1661,t_h0,1,sup_h0,1,1
1662,"t_h0,t_h1",1,sup_h0,1,1
1663,EMPTY,0,bot,0,1
1664,t_h1,1,sup_h1,1,1
1665,EMPTY,0,bot,0,1
1666,"t_h0,t_h1",1,sup_h0,1,1
1667,t_h0,1,sup_h0,1,1
1668,"t_h0,t_h1",1,sup_h0,1,1
1669,EMPTY,0,bot,0,1
1670,EMPTY,0,bot,0,1
1671,"t_h0,t_h1",1,sup_h0,1,1
1672,t_h0,1,sup_h0,1,1
1673,"t_h0,t_h1",1,sup_h0,1,1
1674,EMPTY,0,bot,0,1
1675,t_h1,1,sup_h1,1,1
1676,"t_h0,t_h1",1,sup_h0,1,1
1677,t_h0,1,sup_h0,1,1
1678,"t_h0,t_h1",1,sup_h0,1,1
1679,t_h1,1,sup_h1,1,1
1680,t_h0,1,sup_h0,1,1
1681,EMPTY,0,bot,0,1
1682,t_h0,1,sup_h0,1,1
1683,"t_h0,t_h1",1,sup_h0,1,1
1684,EMPTY,0,bot,0,1
1685,t_h1,1,sup_h1,1,1
1686,t_h1,1,sup_h1,1,1
1687,t_h1,1,sup_h1,1,1
1688,EMPTY,0,bot,0,1
1689,"t_h0,t_h1",1,sup_h0,1,1
1690,t_h0,1,sup_h0,1,1
1691,t_h1,1,sup_h1,1,1
1692,EMPTY,0,bot,0,1
1693,"t_h0,t_h1",1,sup_h0,1,1
1694,EMPTY,0,bot,0,1
1695,EMPTY,0,bot,0,1
1696,t_h0,1,sup_h0,1,1
1697,EMPTY,0,bot,0,1
1698,t_h0,1,sup_h0,1,1
1699,t_h1,1,sup_h1,1,1
1700,EMPTY,0,bot,0,1
1701,t_h1,1,sup_h1,1,1
1702,t_h1,1,sup_h1,1,1
1703,t_h0,1,sup_h0,1,1
1704,t_h0,1,sup_h0,1,1
1705,t_h0,1,sup_h0,1,1
1706,t_h0,1,sup_h0,1,1
1707,t_h1,1,sup_h1,1,1
1708,t_h1,1,sup_h1,1,1
1709,EMPTY,0,bot,0,1
1710,"t_h0,t_h1",1,sup_h0,1,1
1711,t_h1,1,sup_h1,1,1
1712,EMPTY,0,bot,0,1
1713,EMPTY,0,bot,0,1
1714,"t_h0,t_h1",1,sup_h0,1,1
1715,t_h0,1,sup_h0,1,1
1716,t_h1,1,sup_h1,1,1
1717,t_h0,1,sup_h0,1,1
1718,EMPTY,0,bot,0,1
1719,"t_h0,t_h1",1,sup_h0,1,1
1720,"t_h0,t_h1",1,sup_h0,1,1
1721,"t_h0,t_h1",1,sup_h0,1,1
1722,t_h0,1,sup_h0,1,1
1723,t_h1,1,sup_h1,1,1
1724,t_h1,1,sup_h1,1,1
1725,t_h1,1,sup_h1,1,1
1726,EMPTY,0,bot,0,1
1727,t_h1,1,sup_h1,1,1
1728,t_h0,1,sup_h0,1,1
1729,EMPTY,0,bot,0,1
1730,"t_h0,t_h1",1,sup_h0,1,1
1731,"t_h0,t_h1",1,sup_h0,1,1
1732,t_h1,1,sup_h1,1,1
1733,t_h1,1,sup_h1,1,1
1734,EMPTY,0,bot,0,1
1735,"t_h0,t_h1",1,sup_h0,1,1
1736,EMPTY,0,bot,0,1
1737,t_h0,1,sup_h0,1,1
1738,t_h1,1,sup_h1,1,1
1739,t_h0,1,sup_h0,1,1
1740,t_h1,1,sup_h1,1,1
1741,t_h0,1,sup_h0,1,1
1742,t_h1,1,sup_h1,1,1
1743,t_h1,1,sup_h1,1,1
1744,EMPTY,0,bot,0,1
1745,EMPTY,0,bot,0,1
1746,"t_h0,t_h1",1,sup_h0,1,1
1747,EMPTY,0,bot,0,1
1748,t_h1,1,sup_h1,1,1
1749,EMPTY,0,bot,0,1
1750,EMPTY,0,bot,0,1
1751,t_h1,1,sup_h1,1,1
1752,t_h0,1,sup_h0,1,1
1753,t_h1,1,sup_h1,1,1
1754,t_h0,1,sup_h0,1,1
1755,t_h0,1,sup_h0,1,1
1756,EMPTY,0,bot,0,1
1757,EMPTY,0,bot,0,1
1758,t_h1,1,sup_h1,1,1
1759,t_h1,1,sup_h1,1,1
1760,t_h0,1,sup_h0,1,1
1761,"t_h0,t_h1",1,sup_h0,1,1
1762,t_h0,1,sup_h0,1,1
1763,t_h1,1,sup_h1,1,1
1764,EMPTY,0,bot,0,1
1765,t_h1,1,sup_h1,1,1
1766,"t_h0,t_h1",1,sup_h0,1,1
1767,"t_h0,t_h1",1,sup_h0,1,1
1768,"t_h0,t_h1",1,sup_h0,1,1
1769,t_h1,1,sup_h1,1,1
1770,t_h1,1,sup_h1,1,1
1771,EMPTY,0,bot,0,1
1772,"t_h0,t_h1",1,sup_h0,1,1
1773,"t_h0,t_h1",1,sup_h0,1,1
1774,t_h0,1,sup_h0,1,1
1775,t_h1,1,sup_h1,1,1
1776,"t_h0,t_h1",1,sup_h0,1,1
1777,t_h0,1,sup_h0,1,1
1778,EMPTY,0,bot,0,1
1779,t_h0,1,sup_h0,1,1
1780,"t_h0,t_h1",1,sup_h0,1,1
1781,"t_h0,t_h1",1,sup_h0,1,1
1782,t_h1,1,sup_h1,1,1
1783,t_h1,1,sup_h1,1,1
1784,EMPTY,0,bot,0,1
1785,EMPTY,0,bot,0,1
1786,t_h1,1,sup_h1,1,1
1787,"t_h0,t_h1",1,sup_h0,1,1
1788,EMPTY,0,bot,0,1
1789,t_h1,1,sup_h1,1,1
1790,t_h0,1,sup_h0,1,1
1791,t_h0,1,sup_h0,1,1
1792,t_h1,1,sup_h1,1,1
1793,EMPTY,0,bot,0,1
1794,t_h0,1,sup_h0,1,1
1795,EMPTY,0,bot,0,1
1796,"t_h0,t_h1",1,sup_h0,1,1
1797,EMPTY,0,bot,0,1
1798,"t_h0,t_h1",1,sup_h0,1,1
1799,t_h1,1,sup_h1,1,1
1800,"t_h0,t_h1",1,sup_h0,1,1
1801,t_h1,1,sup_h1,1,1
1802,EMPTY,0,bot,0,1
1803,t_h0,1,sup_h0,1,1
1804,"t_h0,t_h1",1,sup_h0,1,1
1805,t_h1,1,sup_h1,1,1
1806,EMPTY,0,bot,0,1
1807,t_h1,1,sup_h1,1,1
1808,t_h1,1,sup_h1,1,1
1809,t_h1,1,sup_h1,1,1
1810,EMPTY,0,bot,0,1
1811,"t_h0,t_h1",1,sup_h0,1,1
1812,"t_h0,t_h1",1,sup_h0,1,1
1813,t_h1,1,sup_h1,1,1
1814,"t_h0,t_h1",1,sup_h0,1,1
1815,t_h1,1,sup_h1,1,1
1816,"t_h0,t_h1",1,sup_h0,1,1
1817,t_h0,1,sup_h0,1,1
1818,EMPTY,0,bot,0,1
1819,"t_h0,t_h1",1,sup_h0,1,1
1820,t_h1,1,sup_h1,1,1
1821,t_h1,1,sup_h1,1,1
1822,"t_h0,t_h1",1,sup_h0,1,1
1823,t_h1,1,sup_h1,1,1
1824,t_h1,1,sup_h1,1,1
1825,EMPTY,0,bot,0,1
1826,"t_h0,t_h1",1,sup_h0,1,1
1827,EMPTY,0,bot,0,1
1828,"t_h0,t_h1",1,sup_h0,1,1
1829,"t_h0,t_h1",1,sup_h0,1,1
1830,t_h0,1,sup_h0,1,1
1831,"t_h0,t_h1",1,sup_h0,1,1
1832,t_h1,1,sup_h1,1,1
1833,t_h0,1,sup_h0,1,1
1834,t_h1,1,sup_h1,1,1
1835,t_h1,1,sup_h1,1,1
1836,t_h0,1,sup_h0,1,1
1837,t_h0,1,sup_h0,1,1
1838,EMPTY,0,bot,0,1
1839,"t_h0,t_h1",1,sup_h0,1,1
1840,t_h1,1,sup_h1,1,1
1841,t_h0,1,sup_h0,1,1
1842,"t_h0,t_h1",1,sup_h0,1,1
1843,"t_h0,t_h1",1,sup_h0,1,1
1844,t_h1,1,sup_h1,1,1
1845,EMPTY,0,bot,0,1
1846,t_h0,1,sup_h0,1,1
1847,t_h1,1,sup_h1,1,1
1848,t_h1,1,sup_h1,1,1
1849,"t_h0,t_h1",1,sup_h0,1,1
1850,"t_h0,t_h1",1,sup_h0,1,1
1851,EMPTY,0,bot,0,1
1852,EMPTY,0,bot,0,1
1853,EMPTY,0,bot,0,1
1854,EMPTY,0,bot,0,1
1855,t_h0,1,sup_h0,1,1
1856,t_h0,1,sup_h0,1,1
1857,EMPTY,0,bot,0,1
1858,t_h1,1,sup_h1,1,1
1859,t_h1,1,sup_h1,1,1
1860,"t_h0,t_h1",1,sup_h0,1,1
1861,t_h1,1,sup_h1,1,1
1862,t_h1,1,sup_h1,1,1
1863,t_h1,1,sup_h1,1,1
1864,EMPTY,0,bot,0,1
1865,"t_h0,t_h1",1,sup_h0,1,1
1866,"t_h0,t_h1",1,sup_h0,1,1
1867,EMPTY,0,bot,0,1
1868,EMPTY,0,bot,0,1
1869,t_h1,1,sup_h1,1,1
1870,t_h0,1,sup_h0,1,1
1871,t_h1,1,sup_h1,1,1
1872,EMPTY,0,bot,0,1
1873,t_h0,1,sup_h0,1,1
1874,"t_h0,t_h1",1,sup_h0,1,1
1875,t_h0,1,sup_h0,1,1
1876,"t_h0,t_h1",1,sup_h0,1,1
1877,t_h1,1,sup_h1,1,1
1878,t_h0,1,sup_h0,1,1
1879,"t_h0,t_h1",1,sup_h0,1,1
1880,t_h1,1,sup_h1,1,1
1881,"t_h0,t_h1",1,sup_h0,1,1
1882,"t_h0,t_h1",1,sup_h0,1,1
1883,EMPTY,0,bot,0,1
1884,t_h0,1,sup_h0,1,1
1885,EMPTY,0,bot,0,1
1886,t_h0,1,sup_h0,1,1
1887,EMPTY,0,bot,0,1
1888,EMPTY,0,bot,0,1
1889,"t_h0,t_h1",1,sup_h0,1,1
1890,EMPTY,0,bot,0,1
1891,t_h0,1,sup_h0,1,1
1892,"t_h0,t_h1",1,sup_h0,1,1
1893,t_h1,1,sup_h1,1,1
1894,t_h1,1,sup_h1,1,1
1895,t_h1,1,sup_h1,1,1
1896,EMPTY,0,bot,0,1
1897,t_h1,1,sup_h1,1,1
1898,"t_h0,t_h1",1,sup_h0,1,1
1899,EMPTY,0,bot,0,1
1900,"t_h0,t_h1",1,sup_h0,1,1
1901,EMPTY,0,bot,0,1
1902,EMPTY,0,bot,0,1
1903,t_h1,1,sup_h1,1,1
1904,EMPTY,0,bot,0,1
1905,"t_h0,t_h1",1,sup_h0,1,1
1906,t_h0,1,sup_h0,1,1
1907,t_h0,1,sup_h0,1,1
1908,EMPTY,0,bot,0,1
1909,t_h0,1,sup_h0,1,1
1910,EMPTY,0,bot,0,1
1911,t_h1,1,sup_h1,1,1
1912,t_h0,1,sup_h0,1,1
1913,"t_h0,t_h1",1,sup_h0,1,1
1914,EMPTY,0,bot,0,1
1915,"t_h0,t_h1",1,sup_h0,1,1
1916,t_h0,1,sup_h0,1,1
1917,EMPTY,0,bot,0,1
1918,t_h1,1,sup_h1,1,1
1919,t_h1,1,sup_h1,1,1
1920,"t_h0,t_h1",1,sup_h0,1,1
1921,EMPTY,0,bot,0,1
1922,t_h1,1,sup_h1,1,1
1923,"t_h0,t_h1",1,sup_h0,1,1
1924,t_h0,1,sup_h0,1,1
1925,EMPTY,0,bot,0,1
1926,"t_h0,t_h1",1,sup_h0,1,1
1927,t_h1,1,sup_h1,1,1
1928,EMPTY,0,bot,0,1
1929,EMPTY,0,bot,0,1
1930,t_h1,1,sup_h1,1,1
1931,EMPTY,0,bot,0,1
1932,t_h1,1,sup_h1,1,1
1933,"t_h0,t_h1",1,sup_h0,1,1
1934,t_h1,1,sup_h1,1,1
1935,t_h1,1,sup_h1,1,1
1936,t_h0,1,sup_h0,1,1
1937,"t_h0,t_h1",1,sup_h0,1,1
1938,EMPTY,0,bot,0,1
1939,t_h1,1,sup_h1,1,1
1940,"t_h0,t_h1",1,sup_h0,1,1
1941,EMPTY,0,bot,0,1
1942,"t_h0,t_h1",1,sup_h0,1,1
1943,t_h1,1,sup_h1,1,1
1944,t_h0,1,sup_h0,1,1
1945,t_h0,1,sup_h0,1,1
1946,"t_h0,t_h1",1,sup_h0,1,1
1947,t_h1,1,sup_h1,1,1
1948,"t_h0,t_h1",1,sup_h0,1,1
1949,t_h0,1,sup_h0,1,1
1950,EMPTY,0,bot,0,1
1951,"t_h0,t_h1",1,sup_h0,1,1
1952,"t_h0,t_h1",1,sup_h0,1,1
1953,t_h1,1,sup_h1,1,1
1954,t_h1,1,sup_h1,1,1
1955,t_h1,1,sup_h1,1,1
1956,t_h1,1,sup_h1,1,1
1957,t_h0,1,sup_h0,1,1
1958,t_h0,1,sup_h0,1,1
1959,"t_h0,t_h1",1,sup_h0,1,1
1960,t_h1,1,sup_h1,1,1
1961,"t_h0,t_h1",1,sup_h0,1,1
1962,t_h0,1,sup_h0,1,1
1963,EMPTY,0,bot,0,1
1964,t_h0,1,sup_h0,1,1
1965,EMPTY,0,bot,0,1
1966,t_h0,1,sup_h0,1,1
1967,"t_h0,t_h1",1,sup_h0,1,1
1968,t_h0,1,sup_h0,1,1
1969,EMPTY,0,bot,0,1
1970,t_h0,1,sup_h0,1,1
1971,t_h1,1,sup_h1,1,1
1972,"t_h0,t_h1",1,sup_h0,1,1
1973,"t_h0,t_h1",1,sup_h0,1,1
1974,t_h1,1,sup_h1,1,1
1975,"t_h0,t_h1",1,sup_h0,1,1
1976,EMPTY,0,bot,0,1
1977,t_h1,1,sup_h1,1,1
1978,EMPTY,0,bot,0,1
1979,t_h0,1,sup_h0,1,1
1980,t_h1,1,sup_h1,1,1
1981,t_h0,1,sup_h0,1,1
1982,t_h1,1,sup_h1,1,1
1983,t_h1,1,sup_h1,1,1
1984,t_h1,1,sup_h1,1,1
1985,t_h1,1,sup_h1,1,1
1986,EMPTY,0,bot,0,1
1987,t_h1,1,sup_h1,1,1
1988,"t_h0,t_h1",1,sup_h0,1,1
1989,"t_h0,t_h1",1,sup_h0,1,1
1990,t_h1,1,sup_h1,1,1
1991,t_h1,1,sup_h1,1,1
1992,t_h1,1,sup_h1,1,1
1993,t_h1,1,sup_h1,1,1
1994,t_h0,1,sup_h0,1,1
1995,"t_h0,t_h1",1,sup_h0,1,1
1996,t_h0,1,sup_h0,1,1
1997,t_h1,1,sup_h1,1,1
1998,EMPTY,0,bot,0,1
1999,"t_h0,t_h1",1,sup_h0,1,1
